trans_no,date,details,amount,transaction,transaction_mode,month,day,year,detail_clean,y/m,y/m/d,year_month name,month sort no.
1,2023-09-14,サラリー,17732,Income,Bank,9,14,2023,サラリー,23/9,23/9/14,2023 September,0
2,2023-10-09,サラリー,12754,Income,Bank,10,9,2023,サラリー,23/10,23/10/9,2023 October,1
3,2023-10-15,bank withdraw ,26142,Withdraw,Bank,10,15,2023,bank withdraw ,23/10,23/10/15,2023 October,1
4,2023-10-15,stash deposit,26142,Deposit,Stash,10,15,2023,stash deposit,23/10,23/10/15,2023 October,1
5,2023-10-31,サラリー,12834,Income,Bank,10,31,2023,サラリー,23/10,23/10/31,2023 October,1
6,2023-11-05,Monthly gasoline (oct),2550,Expenses,Stash,11,5,2023,Monthly gasoline (oct),23/11,23/11/5,2023 November,2
7,2023-11-05,Balay (Oct),5000,Expenses,Stash,11,5,2023,Balay (Oct),23/11,23/11/5,2023 November,2
8,2023-11-05,Tahong harvest,12560,Income,Stash,11,5,2023,Tahong harvest,23/11,23/11/5,2023 November,2
9,2023-11-05,pansit canton,56,Expenses,Stash,11,5,2023,pansit canton,23/11,23/11/5,2023 November,2
10,2023-11-05,monay,30,Expenses,Stash,11,5,2023,monay,23/11,23/11/5,2023 November,2
11,2023-11-05,Gcash cash-in,2010,Withdraw,Stash,11,5,2023,Gcash cash-in,23/11,23/11/5,2023 November,2
12,2023-11-05,Gcash cash-in,2010,Deposit,G-cash,11,5,2023,Gcash cash-in,23/11,23/11/5,2023 November,2
13,2023-11-05,Ink,1000,Expenses,Stash,11,5,2023,Ink,23/11,23/11/5,2023 November,2
14,2023-11-06,Oishi,20,Expenses,Stash,11,6,2023,Oishi,23/11,23/11/6,2023 November,2
15,2023-11-06,Spotify,194,Expenses,G-cash,11,6,2023,Spotify,23/11,23/11/6,2023 November,2
16,2023-11-10,Monay (1 putos),30,Expenses,Stash,11,10,2023,Monay (1 putos),23/11,23/11/10,2023 November,2
17,2023-11-10,Century Tuna,43,Expenses,Stash,11,10,2023,Century Tuna,23/11,23/11/10,2023 November,2
18,2023-11-13,Tatoos,12,Expenses,Stash,11,13,2023,Tatoos,23/11,23/11/13,2023 November,2
19,2023-11-13,Supa,25,Expenses,G-cash,11,13,2023,Supa,23/11,23/11/13,2023 November,2
20,2023-11-13,Supa,125,Expenses,G-cash,11,13,2023,Supa,23/11,23/11/13,2023 November,2
21,2023-11-14,Mineral water,25,Expenses,Stash,11,14,2023,Mineral water,23/11,23/11/14,2023 November,2
22,2023-11-15,Supa,125,Expenses,G-cash,11,15,2023,Supa,23/11,23/11/15,2023 November,2
23,2023-11-16,Mineral water,25,Expenses,Stash,11,16,2023,Mineral water,23/11,23/11/16,2023 November,2
24,2023-11-17,Mang Juan,12,Expenses,Stash,11,17,2023,Mang Juan,23/11,23/11/17,2023 November,2
25,2023-11-17,Mineral water,25,Expenses,Stash,11,17,2023,Mineral water,23/11,23/11/17,2023 November,2
26,2023-11-18,Bayad referee ,300,Expenses,Stash,11,18,2023,Bayad referee ,23/11,23/11/18,2023 November,2
27,2023-11-18,chalk,20,Expenses,Stash,11,18,2023,chalk,23/11,23/11/18,2023 November,2
28,2023-11-18,Income (with bonus?),44732,Income,Bank,11,18,2023,Income (with bonus?),23/11,23/11/18,2023 November,2
29,2023-11-16,Monay (1 putos),30,Expenses,Stash,11,16,2023,Monay (1 putos),23/11,23/11/16,2023 November,2
30,2023-11-22,YT Membership,129,Expenses,G-cash,11,22,2023,YT Membership,23/11,23/11/22,2023 November,2
31,2023-11-22,Genshin Welkin,280,Expenses,G-cash,11,22,2023,Genshin Welkin,23/11,23/11/22,2023 November,2
32,2023-11-23,Supa,125,Expenses,G-cash,11,23,2023,Supa,23/11,23/11/23,2023 November,2
33,2023-11-30,サラリー,12734,Income,Bank,11,30,2023,サラリー,23/11,23/11/30,2023 November,2
34,2023-12-02,Supa,125,Expenses,G-cash,12,2,2023,Supa,23/12,23/12/2,2023 December,3
35,2023-12-03,kape,265,Expenses,Stash,12,3,2023,kape,23/12,23/12/3,2023 December,3
36,2023-12-04,bioderm,25,Expenses,Stash,12,4,2023,bioderm,23/12,23/12/4,2023 December,3
37,2023-12-04,Ebo Sweldo,1500,Expenses,Stash,12,4,2023,Ebo Sweldo,23/12,23/12/4,2023 December,3
38,2023-12-06,Spotify,239,Expenses,G-cash,12,6,2023,Spotify,23/12,23/12/6,2023 December,3
39,2023-12-07,Mineral water,25,Expenses,Stash,12,7,2023,Mineral water,23/12,23/12/7,2023 December,3
40,2023-12-08,Supa,125,Expenses,G-cash,12,8,2023,Supa,23/12,23/12/8,2023 December,3
41,2023-12-09,Pasahe,30,Expenses,Stash,12,9,2023,Pasahe,23/12,23/12/9,2023 December,3
42,2023-12-09,Pamahaw,45,Expenses,Stash,12,9,2023,Pamahaw,23/12,23/12/9,2023 December,3
43,2023-12-09,Mineral water,30,Expenses,Stash,12,9,2023,Mineral water,23/12,23/12/9,2023 December,3
44,2023-12-09,Choco-choco,20,Expenses,Stash,12,9,2023,Choco-choco,23/12,23/12/9,2023 December,3
45,2023-12-09,Star bread,40,Expenses,Stash,12,9,2023,Star bread,23/12,23/12/9,2023 December,3
46,2023-12-09,Pamasahe,90,Expenses,Stash,12,9,2023,Pamasahe,23/12,23/12/9,2023 December,3
47,2023-12-09,Noodles beef,13,Expenses,Stash,12,9,2023,Noodles beef,23/12,23/12/9,2023 December,3
48,2023-12-10,balay (nov),5000,Expenses,Stash,12,10,2023,balay (nov),23/12,23/12/10,2023 December,3
49,2023-12-10,Gasolina (nov),2100,Expenses,Stash,12,10,2023,Gasolina (nov),23/12,23/12/10,2023 December,3
50,2023-12-11,Bioderm,25,Expenses,Stash,12,11,2023,Bioderm,23/12,23/12/11,2023 December,3
51,2023-12-11,Mineral water,30,Expenses,Stash,12,11,2023,Mineral water,23/12,23/12/11,2023 December,3
52,2023-12-11,Aragmot (chrsPty_simba),544,Expenses,Stash,12,11,2023,Aragmot,23/12,23/12/11,2023 December,3
53,2023-12-13,Family day price,50,Expenses,Stash,12,13,2023,Family day price,23/12,23/12/13,2023 December,3
54,2023-12-13,Mineral water,20,Expenses,Stash,12,13,2023,Mineral water,23/12,23/12/13,2023 December,3
55,2023-12-14,サラリー,12732,Income,Bank,12,14,2023,サラリー,23/12,23/12/14,2023 December,3
56,2023-12-14,Gcash cash-in,3000,Withdraw,G-cash,12,14,2023,Gcash cash-in,23/12,23/12/14,2023 December,3
57,2023-12-14,Gcash cash-in,3000,Deposit,G-cash,12,14,2023,Gcash cash-in,23/12,23/12/14,2023 December,3
58,2023-12-14,wifi load (magic data),599,Expenses,G-cash,12,14,2023,wifi load (magic data),23/12,23/12/14,2023 December,3
59,2023-12-15,pamasahe (lamingao - villa),30,Expenses,Stash,12,15,2023,pamasahe (lamingao - villa),23/12,23/12/15,2023 December,3
60,2023-12-15,pamasahe (pantalan - sakayan),15,Expenses,Stash,12,15,2023,pamasahe (pantalan - sakayan),23/12,23/12/15,2023 December,3
61,2023-12-15,pamasahe (Villareal - Tacloban),120,Expenses,Stash,12,15,2023,pamasahe (Villareal - Tacloban),23/12,23/12/15,2023 December,3
62,2023-12-15,pamahaw,142,Expenses,Stash,12,15,2023,pamahaw,23/12,23/12/15,2023 December,3
63,2023-12-15,bank withdraw ,19036,Withdraw,Bank,12,15,2023,bank withdraw ,23/12,23/12/15,2023 December,3
64,2023-12-15,stash deposit,19000,Deposit,Stash,12,15,2023,stash deposit,23/12,23/12/15,2023 December,3
65,2023-12-15,laptop upgrade labor,1500,Expenses,Stash,12,15,2023,laptop upgrade labor,23/12,23/12/15,2023 December,3
66,2023-12-15,battery ,3600,Expenses,Stash,12,15,2023,battery ,23/12,23/12/15,2023 December,3
67,2023-12-15,SSD,2900,Expenses,Stash,12,15,2023,SSD,23/12,23/12/15,2023 December,3
68,2023-12-15,HDD enclosure ,599,Expenses,Stash,12,15,2023,HDD enclosure ,23/12,23/12/15,2023 December,3
69,2023-12-15,tinapay,20,Expenses,Stash,12,15,2023,tinapay,23/12,23/12/15,2023 December,3
70,2023-12-15,lubi shake,60,Expenses,Stash,12,15,2023,lubi shake,23/12,23/12/15,2023 December,3
71,2023-12-15,pamasahe (tacloban - villa),120,Expenses,Stash,12,15,2023,pamasahe (tacloban - villa),23/12,23/12/15,2023 December,3
72,2023-12-15,pamasahe (villareal - Lamingao),150,Expenses,Stash,12,15,2023,pamasahe (villareal - Lamingao),23/12,23/12/15,2023 December,3
73,2023-12-18,bioderm,25,Expenses,Stash,12,18,2023,bioderm,23/12,23/12/18,2023 December,3
74,2023-12-18,wow ulam,30,Expenses,Stash,12,18,2023,wow ulam,23/12,23/12/18,2023 December,3
75,2023-12-18,Genshin Welkin,280,Expenses,G-cash,12,18,2023,Genshin Welkin,23/12,23/12/18,2023 December,3
76,2023-12-19,wifi load (family access),199,Expenses,G-cash,12,19,2023,wifi load (family access),23/12,23/12/19,2023 December,3
77,2023-12-21,Steam (nirvanA Initiative),768,Expenses,G-cash,12,21,2023,Steam,23/12,23/12/21,2023 December,3
78,2023-12-22,YT Membership,129,Expenses,G-cash,12,22,2023,YT Membership,23/12,23/12/22,2023 December,3
79,2023-12-23,pamasahe (lamingao - villa),30,Expenses,Stash,12,23,2023,pamasahe (lamingao - villa),23/12,23/12/23,2023 December,3
80,2023-12-23,pandesal,10,Expenses,Stash,12,23,2023,pandesal,23/12,23/12/23,2023 December,3
81,2023-12-23,tubig,15,Expenses,Stash,12,23,2023,tubig,23/12,23/12/23,2023 December,3
82,2023-12-23,pamasahe (villa - kasang-an),50,Expenses,Stash,12,23,2023,pamasahe (villa - kasang-an),23/12,23/12/23,2023 December,3
83,2023-12-23,utang sir caro,50,Expenses,Stash,12,23,2023,utang sir caro,23/12,23/12/23,2023 December,3
84,2023-12-23,tubig,20,Expenses,Stash,12,23,2023,tubig,23/12,23/12/23,2023 December,3
85,2023-12-23,fita,10,Expenses,Stash,12,23,2023,fita,23/12,23/12/23,2023 December,3
86,2023-12-23,SRI,18000,Income,Stash,12,23,2023,SRI,23/12,23/12/23,2023 December,3
87,2023-12-23,district t-shirt,600,Expenses,Stash,12,23,2023,district t-shirt,23/12,23/12/23,2023 December,3
88,2023-12-23,pamasahe (kasang-an - villa,150,Expenses,Stash,12,23,2023,pamasahe (kasang-an - villa,23/12,23/12/23,2023 December,3
89,2023-12-23,putok,20,Expenses,Stash,12,23,2023,putok,23/12,23/12/23,2023 December,3
90,2023-12-23,tubig,15,Expenses,Stash,12,23,2023,tubig,23/12,23/12/23,2023 December,3
91,2023-12-23,pamasahe (villa - pantalan),15,Expenses,Stash,12,23,2023,pamasahe (villa - pantalan),23/12,23/12/23,2023 December,3
92,2023-12-23,pamasahe (villa - lamingao),50,Expenses,Stash,12,23,2023,pamasahe (villa - lamingao),23/12,23/12/23,2023 December,3
93,2023-12-23,hatag kanda mama,3000,Expenses,Stash,12,23,2023,hatag kanda mama,23/12,23/12/23,2023 December,3
94,2023-12-24,tuba,400,Expenses,Stash,12,24,2023,tuba,23/12,23/12/24,2023 December,3
95,2023-12-24,pepsi,100,Expenses,Stash,12,24,2023,pepsi,23/12,23/12/24,2023 December,3
96,2023-12-25,tuba,100,Expenses,Stash,12,25,2023,tuba,23/12,23/12/25,2023 December,3
97,2023-12-26,wifi load (family access),199,Expenses,G-cash,12,26,2023,wifi load (family access),23/12,23/12/26,2023 December,3
98,2023-12-28,pamasahe (lamingao - villa),30,Expenses,Stash,12,28,2023,pamasahe (lamingao - villa),23/12,23/12/28,2023 December,3
99,2023-12-28,pamasahe (villa - tacloban),120,Expenses,Stash,12,28,2023,pamasahe (villa - tacloban),23/12,23/12/28,2023 December,3
100,2023-12-28,medisina,1375,Expenses,Stash,12,28,2023,medisina,23/12,23/12/28,2023 December,3
101,2023-12-28,pagkaon,157,Expenses,Stash,12,28,2023,pagkaon,23/12,23/12/28,2023 December,3
102,2023-12-28,laptop keyboard,2600,Expenses,Stash,12,28,2023,laptop keyboard,23/12,23/12/28,2023 December,3
103,2023-12-28,keyboard labor,500,Expenses,Stash,12,28,2023,keyboard labor,23/12,23/12/28,2023 December,3
104,2023-12-28,shawarma,500,Expenses,Stash,12,28,2023,shawarma,23/12,23/12/28,2023 December,3
105,2023-12-28,pamasahe (tacloban - villa),120,Expenses,Stash,12,28,2023,pamasahe (tacloban - villa),23/12,23/12/28,2023 December,3
106,2023-12-28,サラリー,12733,Income,Bank,12,28,2023,サラリー,23/12,23/12/28,2023 December,3
107,2023-12-31,coke 1.5 (2 pcs),160,Expenses,Stash,12,31,2023,coke 1.5 (2 pcs),23/12,23/12/31,2023 December,3
108,2024-01-01,irimnon,200,Expenses,Stash,1,1,2024,irimnon,24/1,24/1/1,2024 January,4
109,2024-01-04,"Gcash cash-in (aragmot kanda(ate angie, mam angel)",784,Deposit,G-cash,1,4,2024,Gcash cash-in,24/1,24/1/4,2024 January,4
110,2024-01-06,Spotify,239,Expenses,G-cash,1,6,2024,Spotify,24/1,24/1/6,2024 January,4
111,2024-01-07,Supa,125,Expenses,G-cash,1,7,2024,Supa,24/1,24/1/7,2024 January,4
112,2024-01-07,Supa,50,Expenses,G-cash,1,7,2024,Supa,24/1,24/1/7,2024 January,4
113,2024-01-07,Gcash cash-in (aragmot kan(mam jonna),380,Deposit,G-cash,1,7,2024,Gcash cash-in,24/1,24/1/7,2024 January,4
114,2024-01-07,Steam (Left 4 Dead 2),34,Expenses,G-cash,1,7,2024,Steam,24/1,24/1/7,2024 January,4
115,2024-01-08,aragmot (trainer),392,Expenses,Stash,1,8,2024,Aragmot,24/1,24/1/8,2024 January,4
116,2024-01-08,"aragmot (trainer kanda(ate angie, mam angel, mam jonna))",1176,Withdraw,Stash,1,8,2024,Aragmot,24/1,24/1/8,2024 January,4
117,2024-01-08,Supa,25,Expenses,G-cash,1,8,2024,Supa,24/1,24/1/8,2024 January,4
118,2024-01-09,Supa,50,Expenses,G-cash,1,9,2024,Supa,24/1,24/1/9,2024 January,4
119,2024-01-09,aragmot (festival trainer),50,Expenses,Stash,1,9,2024,Aragmot,24/1,24/1/9,2024 January,4
120,2024-01-09,aragmot (misa sponsor),123,Expenses,Stash,1,9,2024,Aragmot,24/1,24/1/9,2024 January,4
121,2024-01-09,aragmot (kan mam jonna),173,Deposit,G-cash,1,9,2024,Aragmot,24/1,24/1/9,2024 January,4
122,2024-01-09,aragmot (kan mam jonna),173,Withdraw,G-cash,1,9,2024,Aragmot,24/1,24/1/9,2024 January,4
123,2024-01-12,black shoes,930,Expenses,Stash,1,12,2024,black shoes,24/1,24/1/12,2024 January,4
124,2024-01-12,bluetooth speaker,1990,Expenses,Stash,1,12,2024,bluetooth speaker,24/1,24/1/12,2024 January,4
125,2024-01-12,USB port extension,695,Expenses,Stash,1,12,2024,USB port extension,24/1,24/1/12,2024 January,4
126,2024-01-12,crispy king paniudto,77,Expenses,Stash,1,12,2024,crispy king paniudto,24/1,24/1/12,2024 January,4
127,2024-01-12,shawarma,300,Expenses,Stash,1,12,2024,shawarma,24/1,24/1/12,2024 January,4
128,2024-01-12,pamasahe (catbalogan - pier 1),10,Expenses,Stash,1,12,2024,pamasahe (catbalogan - pier 1),24/1,24/1/12,2024 January,4
129,2024-01-12,pamasahe (lamingao - catbalogan x4),600,Expenses,Stash,1,12,2024,pamasahe (lamingao - catbalogan x4),24/1,24/1/12,2024 January,4
130,2024-01-12,Gasolina (dec),1050,Expenses,Stash,1,12,2024,Gasolina (dec),24/1,24/1/12,2024 January,4
131,2024-01-12,Genshin Welkin,280,Expenses,G-cash,1,12,2024,Genshin Welkin,24/1,24/1/12,2024 January,4
132,2024-01-14,Kape 2x,260,Expenses,Stash,1,14,2024,Kape 2x,24/1,24/1/14,2024 January,4
133,2024-01-14,サラリー,12732,Income,Bank,1,14,2024,サラリー,24/1,24/1/14,2024 January,4
134,2024-01-15,Irimnon,300,Expenses,Stash,1,15,2024,Irimnon,24/1,24/1/15,2024 January,4
135,2024-01-15,Supa,125,Expenses,G-cash,1,15,2024,Supa,24/1,24/1/15,2024 January,4
136,2024-01-17,irimnon,200,Expenses,Stash,1,17,2024,irimnon,24/1,24/1/17,2024 January,4
137,2024-01-18,Supa,125,Expenses,G-cash,1,18,2024,Supa,24/1,24/1/18,2024 January,4
138,2024-01-19,Supa,125,Expenses,G-cash,1,19,2024,Supa,24/1,24/1/19,2024 January,4
139,2024-01-20,Supa,125,Expenses,G-cash,1,20,2024,Supa,24/1,24/1/20,2024 January,4
140,2024-01-21,Supa,125,Expenses,G-cash,1,21,2024,Supa,24/1,24/1/21,2024 January,4
141,2024-01-22,YT Membership,129,Expenses,G-cash,1,22,2024,YT Membership,24/1,24/1/22,2024 January,4
142,2024-01-22,tapar para kan sir Rugie,50,Expenses,Stash,1,22,2024,tapar para kan sir Rugie,24/1,24/1/22,2024 January,4
143,2024-01-24,Supa,125,Expenses,G-cash,1,24,2024,Supa,24/1,24/1/24,2024 January,4
144,2024-01-24,Supa,25,Expenses,G-cash,1,24,2024,Supa,24/1,24/1/24,2024 January,4
145,2024-01-25,Supa,125,Expenses,G-cash,1,25,2024,Supa,24/1,24/1/25,2024 January,4
146,2024-01-28,サラリー,12734,Income,Bank,1,28,2024,サラリー,24/1,24/1/28,2024 January,4
147,2024-01-29,pamasahe (lamingao - villa),30,Expenses,Stash,1,29,2024,pamasahe (lamingao - villa),24/1,24/1/29,2024 January,4
148,2024-01-29,pamahaw,45,Expenses,Stash,1,29,2024,pamahaw,24/1,24/1/29,2024 January,4
149,2024-01-29,paniudto,85,Expenses,Stash,1,29,2024,paniudto,24/1,24/1/29,2024 January,4
150,2024-01-29,snack,35,Expenses,Stash,1,29,2024,snack,24/1,24/1/29,2024 January,4
151,2024-01-29,pamasahe (villa - lamingao),30,Expenses,Stash,1,29,2024,pamasahe (villa - lamingao),24/1,24/1/29,2024 January,4
152,2024-01-30,pamasahe (lamingao - villa),30,Expenses,Stash,1,30,2024,pamasahe (lamingao - villa),24/1,24/1/30,2024 January,4
153,2024-01-30,pamahaw,45,Expenses,Stash,1,30,2024,pamahaw,24/1,24/1/30,2024 January,4
154,2024-01-30,pamasahe,15,Expenses,Stash,1,30,2024,pamasahe,24/1,24/1/30,2024 January,4
155,2024-01-30,paniudto,58,Expenses,Stash,1,30,2024,paniudto,24/1,24/1/30,2024 January,4
156,2024-01-30,Mineral water,15,Expenses,Stash,1,30,2024,Mineral water,24/1,24/1/30,2024 January,4
157,2024-01-30,snack,20,Expenses,Stash,1,30,2024,snack,24/1,24/1/30,2024 January,4
158,2024-01-30,pamahase (villa - lamingao),30,Expenses,Stash,1,30,2024,pamahase (villa - lamingao),24/1,24/1/30,2024 January,4
159,2024-01-31,Mineral water,25,Expenses,Stash,1,31,2024,Mineral water,24/1,24/1/31,2024 January,4
160,2024-01-31,Supa,125,Expenses,G-cash,1,31,2024,Supa,24/1,24/1/31,2024 January,4
161,2024-02-01,Supa,125,Expenses,G-cash,2,1,2024,Supa,24/2,24/2/1,2024 February,5
162,2024-02-01,wifi load (magic data),599,Expenses,G-cash,2,1,2024,wifi load (magic data),24/2,24/2/1,2024 February,5
163,2024-02-01,Supa,50,Expenses,G-cash,2,1,2024,Supa,24/2,24/2/1,2024 February,5
164,2024-02-01,Supa,50,Expenses,G-cash,2,1,2024,Supa,24/2,24/2/1,2024 February,5
165,2024-02-03,pamasahe (lamingao - villa),30,Expenses,Stash,2,3,2024,pamasahe (lamingao - villa),24/2,24/2/3,2024 February,5
166,2024-02-03,pamahaw,45,Expenses,Stash,2,3,2024,pamahaw,24/2,24/2/3,2024 February,5
167,2024-02-03,pandesal,10,Expenses,Stash,2,3,2024,pandesal,24/2,24/2/3,2024 February,5
168,2024-02-03,paniudto,40,Expenses,Stash,2,3,2024,paniudto,24/2,24/2/3,2024 February,5
169,2024-02-03,pamasahe (villa - lamingao),50,Expenses,Stash,2,3,2024,pamasahe (villa - lamingao),24/2,24/2/3,2024 February,5
170,2024-02-03,tuba,200,Expenses,Stash,2,3,2024,tuba,24/2,24/2/3,2024 February,5
171,2024-02-06,Ebo Sweldo,1500,Expenses,Stash,2,6,2024,Ebo Sweldo,24/2,24/2/6,2024 February,5
172,2024-02-07,pamasahe (lamingao - villa),30,Expenses,Stash,2,7,2024,pamasahe (lamingao - villa),24/2,24/2/7,2024 February,5
173,2024-02-07,pamahaw,45,Expenses,Stash,2,7,2024,pamahaw,24/2,24/2/7,2024 February,5
174,2024-02-07,pamasahe (villa - catbalogan),120,Expenses,Stash,2,7,2024,pamasahe (villa - catbalogan),24/2,24/2/7,2024 February,5
175,2024-02-07,bag sena,1099,Expenses,Bank,2,7,2024,bag sena,24/2,24/2/7,2024 February,5
176,2024-02-07,boxer shorts walker,837,Expenses,Bank,2,7,2024,boxer shorts walker,24/2,24/2/7,2024 February,5
177,2024-02-07,ID picture (michaela),75,Expenses,Stash,2,7,2024,ID picture (michaela),24/2,24/2/7,2024 February,5
178,2024-02-07,paste,25,Expenses,Stash,2,7,2024,paste,24/2,24/2/7,2024 February,5
179,2024-02-07,photopaper,98,Expenses,Stash,2,7,2024,photopaper,24/2,24/2/7,2024 February,5
180,2024-02-07,paniudto,85,Expenses,Stash,2,7,2024,paniudto,24/2,24/2/7,2024 February,5
181,2024-02-07,bank withdraw ,1500,Withdraw,Bank,2,7,2024,bank withdraw ,24/2,24/2/7,2024 February,5
182,2024-02-07,bank withdraw ,1500,Deposit,Stash,2,7,2024,bank withdraw ,24/2,24/2/7,2024 February,5
183,2024-02-07,shawarma,300,Expenses,Stash,2,7,2024,shawarma,24/2,24/2/7,2024 February,5
184,2024-02-07,tsinelas,300,Expenses,Stash,2,7,2024,tsinelas,24/2,24/2/7,2024 February,5
185,2024-02-07,medisina,348,Expenses,Stash,2,7,2024,medisina,24/2,24/2/7,2024 February,5
186,2024-02-07,notaryo,200,Expenses,Stash,2,7,2024,notaryo,24/2,24/2/7,2024 February,5
187,2024-02-07,pamasahe (catbalogan - terminal),10,Expenses,Stash,2,7,2024,pamasahe (catbalogan - terminal),24/2,24/2/7,2024 February,5
188,2024-02-07,pamasahe (terminal - villa),130,Expenses,Stash,2,7,2024,pamasahe (terminal - villa),24/2,24/2/7,2024 February,5
189,2024-02-07,Gcash cash-in,3000,Deposit,G-cash,2,7,2024,Gcash cash-in,24/2,24/2/7,2024 February,5
190,2024-02-07,Gcash cash-in,3000,Withdraw,Stash,2,7,2024,Gcash cash-in,24/2,24/2/7,2024 February,5
191,2024-02-07,Spotify,239,Expenses,G-cash,2,7,2024,Spotify,24/2,24/2/7,2024 February,5
192,2024-02-09,Gasolina (jan),2000,Expenses,Stash,2,9,2024,Gasolina (jan),24/2,24/2/9,2024 February,5
193,2024-02-09,balay (jan),5000,Expenses,Stash,2,9,2024,balay (jan),24/2,24/2/9,2024 February,5
194,2024-02-09,wifi load (family access),199,Expenses,G-cash,2,9,2024,wifi load (family access),24/2,24/2/9,2024 February,5
195,2024-02-09,Steam (Yakuza 0),280,Expenses,G-cash,2,9,2024,Steam,24/2,24/2/9,2024 February,5
196,2024-02-09,wifi load (family access),199,Expenses,G-cash,2,9,2024,wifi load (family access),24/2,24/2/9,2024 February,5
197,2024-02-10,Kape 2x,260,Expenses,Stash,2,10,2024,Kape 2x,24/2,24/2/10,2024 February,5
198,2024-02-12,bioderm,48,Expenses,Stash,2,12,2024,bioderm,24/2,24/2/12,2024 February,5
199,2024-02-15,pasahe (villa II - villa),25,Expenses,Stash,2,15,2024,pasahe (villa II - villa),24/2,24/2/15,2024 February,5
200,2024-02-15,Earphone,180,Expenses,Stash,2,15,2024,Earphone,24/2,24/2/15,2024 February,5
201,2024-02-15,snack,68,Expenses,Stash,2,15,2024,snack,24/2,24/2/15,2024 February,5
202,2024-02-15,サラリー,12597,Income,Bank,2,15,2024,サラリー,24/2,24/2/15,2024 February,5
203,2024-02-15,pansit canton,28,Expenses,Bank,2,15,2024,pansit canton,24/2,24/2/15,2024 February,5
204,2024-02-15,Steam (vampire survivors),144,Expenses,G-cash,2,15,2024,Steam,24/2,24/2/15,2024 February,5
205,2024-02-16,snack,50,Expenses,Stash,2,16,2024,snack,24/2,24/2/16,2024 February,5
206,2024-02-16,wifi load (family access),199,Expenses,G-cash,2,16,2024,wifi load (family access),24/2,24/2/16,2024 February,5
207,2024-02-16,Steam (overcooked 2),199,Expenses,G-cash,2,16,2024,Steam,24/2,24/2/16,2024 February,5
208,2024-02-20,coke 1.5,90,Expenses,Stash,2,20,2024,coke 1.5,24/2,24/2/20,2024 February,5
209,2024-02-21,Genshin Welkin,280,Expenses,G-cash,2,21,2024,Genshin Welkin,24/2,24/2/21,2024 February,5
210,2024-02-22,Supa,129,Expenses,G-cash,2,22,2024,Supa,24/2,24/2/22,2024 February,5
211,2024-02-24,bioderm,48,Expenses,Stash,2,24,2024,bioderm,24/2,24/2/24,2024 February,5
212,2024-02-27,pamasahe (lamingao - villa),30,Expenses,Stash,2,27,2024,pamasahe (lamingao - villa),24/2,24/2/27,2024 February,5
213,2024-02-27,pamahaw,45,Expenses,Stash,2,27,2024,pamahaw,24/2,24/2/27,2024 February,5
214,2024-02-27,pamasahe (villa - tacloban),130,Expenses,Stash,2,27,2024,pamasahe (villa - tacloban),24/2,24/2/27,2024 February,5
215,2024-02-27,pamasahe (terminal - downtown),13,Expenses,Stash,2,27,2024,pamasahe (terminal - downtown),24/2,24/2/27,2024 February,5
216,2024-02-27,pamasahe (downtown - terminal),13,Expenses,Stash,2,27,2024,pamasahe (downtown - terminal),24/2,24/2/27,2024 February,5
217,2024-02-27,paniudto,157,Expenses,Stash,2,27,2024,paniudto,24/2,24/2/27,2024 February,5
218,2024-02-27,earpod,899,Expenses,Stash,2,27,2024,earpod,24/2,24/2/27,2024 February,5
219,2024-02-27,pamasahe (tacloban - villa),130,Expenses,Stash,2,27,2024,pamasahe (tacloban - villa),24/2,24/2/27,2024 February,5
220,2024-02-27,pamasahe (villa - lamingao),100,Expenses,Stash,2,27,2024,pamasahe (villa - lamingao),24/2,24/2/27,2024 February,5
221,2024-02-29,さラリー,12598,Income,Bank,2,29,2024,さラリー,24/2,24/2/29,2024 February,5
222,2024-03-02,coke,20,Expenses,Stash,3,2,2024,coke,24/3,24/3/2,2024 March,6
223,2024-03-02,Supa,125,Expenses,G-cash,3,2,2024,Supa,24/3,24/3/2,2024 March,6
224,2024-03-03,Kape 2x,260,Expenses,Stash,3,3,2024,Kape 2x,24/3,24/3/3,2024 March,6
225,2024-03-03,Gasolina (feb 2024),2560,Expenses,Stash,3,3,2024,Gasolina (feb 2024),24/3,24/3/3,2024 March,6
226,2024-03-03,balay (feb 2024),5000,Expenses,Stash,3,3,2024,balay (feb 2024),24/3,24/3/3,2024 March,6
227,2024-03-03,Ebo Sweldo,1500,Expenses,Stash,3,3,2024,Ebo Sweldo,24/3,24/3/3,2024 March,6
228,2024-03-03,Arot,30,Expenses,Stash,3,3,2024,Arot,24/3,24/3/3,2024 March,6
229,2024-03-05,bioderm,48,Expenses,Stash,3,5,2024,bioderm,24/3,24/3/5,2024 March,6
230,2024-03-05,Supa,50,Expenses,G-cash,3,5,2024,Supa,24/3,24/3/5,2024 March,6
231,2024-03-05,Supa,125,Expenses,G-cash,3,5,2024,Supa,24/3,24/3/5,2024 March,6
232,2024-03-06,Spotify,239,Expenses,G-cash,3,6,2024,Spotify,24/3,24/3/6,2024 March,6
233,2024-03-10,bank withdraw,19900,Withdraw,Bank,3,10,2024,bank withdraw,24/3,24/3/10,2024 March,6
234,2024-03-10,bank withdraw fee,36,Expenses,Bank,3,10,2024,bank withdraw fee,24/3,24/3/10,2024 March,6
235,2024-03-10,ref (hulog),7000,Expenses,Stash,3,10,2024,ref (hulog),24/3,24/3/10,2024 March,6
236,2024-03-14,さラリー,12579,Income,Bank,3,14,2024,さラリー,24/3,24/3/14,2024 March,6
237,2024-03-14,wifi load (magic data),599,Expenses,G-cash,3,14,2024,wifi load (magic data),24/3,24/3/14,2024 March,6
238,2024-03-18,Monay (1 putos),30,Expenses,Stash,3,18,2024,Monay (1 putos),24/3,24/3/18,2024 March,6
239,2024-03-22,YT Membership,129,Expenses,G-cash,3,22,2024,YT Membership,24/3,24/3/22,2024 March,6
240,2024-03-23,Gcash cash-in,3000,Withdraw,Stash,3,23,2024,Gcash cash-in,24/3,24/3/23,2024 March,6
241,2024-03-23,Gcash cash-in,3000,Deposit,G-cash,3,23,2024,Gcash cash-in,24/3,24/3/23,2024 March,6
242,2024-03-23,Genshin Welkin,280,Expenses,G-cash,3,23,2024,Genshin Welkin,24/3,24/3/23,2024 March,6
243,2024-03-27,ketchup,25,Expenses,Stash,3,27,2024,ketchup,24/3,24/3/27,2024 March,6
244,2024-03-27,coke 1.5,90,Expenses,Stash,3,27,2024,coke 1.5,24/3,24/3/27,2024 March,6
245,2024-03-27,pansit canton,56,Expenses,Stash,3,27,2024,pansit canton,24/3,24/3/27,2024 March,6
246,2024-03-27,さラリー,12616,Income,Bank,3,27,2024,さラリー,24/3,24/3/27,2024 March,6
247,2024-03-27,wifi load (family access),199,Expenses,G-cash,3,27,2024,wifi load (family access),24/3,24/3/27,2024 March,6
248,2024-03-30,inom,200,Expenses,Stash,3,30,2024,inom,24/3,24/3/30,2024 March,6
249,2024-03-30,panilot,50,Expenses,Stash,3,30,2024,panilot,24/3,24/3/30,2024 March,6
250,2024-03-31,sabon powder,8,Expenses,Stash,3,31,2024,sabon powder,24/3,24/3/31,2024 March,6
251,2024-03-31,kape,130,Expenses,Stash,3,31,2024,kape,24/3,24/3/31,2024 March,6
252,2024-04-02,Ebo Sweldo,1500,Expenses,Stash,4,2,2024,Ebo Sweldo,24/4,24/4/2,2024 April,7
253,2024-04-02,Supa,50,Expenses,G-cash,4,2,2024,Supa,24/4,24/4/2,2024 April,7
254,2024-04-05,Supa,125,Expenses,G-cash,4,5,2024,Supa,24/4,24/4/5,2024 April,7
255,2024-04-05,halo-halo (4x),40,Expenses,Stash,4,5,2024,halo-halo (4x),24/4,24/4/5,2024 April,7
256,2024-04-06,Spotify,239,Expenses,G-cash,4,6,2024,Spotify,24/4,24/4/6,2024 April,7
257,2024-04-07,Gasolina (mar),2560,Expenses,Stash,4,7,2024,Gasolina (mar),24/4,24/4/7,2024 April,7
258,2024-04-07,balay,5000,Expenses,Stash,4,7,2024,balay,24/4,24/4/7,2024 April,7
259,2024-04-09,brutsa,50,Expenses,Stash,4,9,2024,brutsa,24/4,24/4/9,2024 April,7
260,2024-04-09,bank withdraw,12995,Withdraw,Bank,4,9,2024,bank withdraw,24/4,24/4/9,2024 April,7
261,2024-04-09,bank withdraw fee,100,Expenses,Stash,4,9,2024,bank withdraw fee,24/4,24/4/9,2024 April,7
262,2024-04-09,clothing allowance,6000,Income,Bank,4,9,2024,clothing allowance,24/4,24/4/9,2024 April,7
263,2024-04-10,coke 1.5,80,Expenses,Stash,4,10,2024,coke 1.5,24/4,24/4/10,2024 April,7
264,2024-04-15,さラリー,13615,Income,Bank,4,15,2024,さラリー,24/4,24/4/15,2024 April,7
265,2024-04-16,kape,130,Expenses,Stash,4,16,2024,kape,24/4,24/4/16,2024 April,7
266,2024-04-16,sabon powder (1 tie),43,Expenses,Stash,4,16,2024,sabon powder (1 tie),24/4,24/4/16,2024 April,7
267,2024-04-16,bioderm,25,Expenses,Stash,4,16,2024,bioderm,24/4,24/4/16,2024 April,7
268,2024-04-16,Supa,125,Expenses,G-cash,4,16,2024,Supa,24/4,24/4/16,2024 April,7
269,2024-04-20,wifi load (magic data),599,Expenses,G-cash,4,20,2024,wifi load (magic data),24/4,24/4/20,2024 April,7
270,2024-04-21,bioderm,25,Expenses,Stash,4,21,2024,bioderm,24/4,24/4/21,2024 April,7
271,2024-04-21,Genshin Welkin,280,Expenses,G-cash,4,21,2024,Genshin Welkin,24/4,24/4/21,2024 April,7
272,2024-04-22,YT Membership,129,Expenses,G-cash,4,22,2024,YT Membership,24/4,24/4/22,2024 April,7
273,2024-04-22,wifi load (family access),199,Expenses,G-cash,4,22,2024,wifi load (family access),24/4,24/4/22,2024 April,7
274,2024-04-30,Palaman peanut,500,Expenses,G-cash,4,30,2024,Palaman peanut,24/4,24/4/30,2024 April,7
275,2024-04-30,Tolits financial assistance,1000,Expenses,Stash,4,30,2024,Tolits financial assistance,24/4,24/4/30,2024 April,7
276,2024-04-30,Tito patron assistance,2000,Expenses,Stash,4,30,2024,Tito patron assistance,24/4,24/4/30,2024 April,7
277,2024-04-30,Lola Rosa patron assistance,1000,Expenses,Stash,4,30,2024,Lola Rosa patron assistance,24/4,24/4/30,2024 April,7
278,2024-04-30,サラリー,12616,Income,Bank,4,30,2024,サラリー,24/4,24/4/30,2024 April,7
279,2024-04-30,Kape 2x,260,Expenses,Stash,4,30,2024,Kape 2x,24/4,24/4/30,2024 April,7
280,2024-05-03,Ebo Sweldo,1700,Expenses,Stash,5,3,2024,Ebo Sweldo,24/5,24/5/3,2024 May,8
281,2024-05-03,Supa,50,Expenses,G-cash,5,3,2024,Supa,24/5,24/5/3,2024 May,8
282,2024-05-03,Supa,125,Expenses,G-cash,5,3,2024,Supa,24/5,24/5/3,2024 May,8
283,2024-05-03,wifi load (family access),199,Expenses,G-cash,5,3,2024,wifi load (family access),24/5,24/5/3,2024 May,8
284,2024-05-04,bank withdraw,19000,Withdraw,Bank,5,4,2024,bank withdraw,24/5,24/5/4,2024 May,8
285,2024-05-04,bank withdraw fee,236,Expenses,Bank,5,4,2024,bank withdraw fee,24/5,24/5/4,2024 May,8
286,2024-05-04,Gasolina (april),2100,Expenses,Stash,5,4,2024,Gasolina (april),24/5,24/5/4,2024 May,8
287,2024-05-04,balay,5000,Expenses,Stash,5,4,2024,balay,24/5,24/5/4,2024 May,8
288,2024-05-04,Gcash cash-in,3000,Withdraw,Stash,5,4,2024,Gcash cash-in,24/5,24/5/4,2024 May,8
289,2024-05-04,Gcash cash-in,3000,Deposit,G-cash,5,4,2024,Gcash cash-in,24/5,24/5/4,2024 May,8
290,2024-05-06,Supa,125,Expenses,G-cash,5,6,2024,Supa,24/5,24/5/6,2024 May,8
291,2024-05-06,Supa,50,Expenses,G-cash,5,6,2024,Supa,24/5,24/5/6,2024 May,8
292,2024-05-07,Spotify,239,Expenses,G-cash,5,7,2024,Spotify,24/5,24/5/7,2024 May,8
293,2024-05-08,Monay (1 putos),30,Expenses,Stash,5,8,2024,Monay (1 putos),24/5,24/5/8,2024 May,8
294,2024-05-13,pamasahe (lamingao - villa),30,Expenses,Stash,5,13,2024,pamasahe (lamingao - villa),24/5,24/5/13,2024 May,8
295,2024-05-13,Pamahaw,37,Expenses,Stash,5,13,2024,Pamahaw,24/5,24/5/13,2024 May,8
296,2024-05-13,paniudto,73,Expenses,Stash,5,13,2024,paniudto,24/5,24/5/13,2024 May,8
297,2024-05-13,pamasahe (villa - lamingao),40,Expenses,Stash,5,13,2024,pamasahe (villa - lamingao),24/5,24/5/13,2024 May,8
298,2024-05-13,mobile load (magic data),399,Expenses,G-cash,5,13,2024,mobile load (magic data),24/5,24/5/13,2024 May,8
299,2024-05-14,サラリー,12615,Income,Bank,5,14,2024,サラリー,24/5,24/5/14,2024 May,8
300,2024-05-15,Monay (1 putos),30,Expenses,Stash,5,15,2024,Monay (1 putos),24/5,24/5/15,2024 May,8
301,2024-05-16,ボーナスサラリー,27000,Income,Bank,5,16,2024,ボーナスサラリー,24/5,24/5/16,2024 May,8
302,2024-05-18,Supa,50,Expenses,G-cash,5,18,2024,Supa,24/5,24/5/18,2024 May,8
303,2024-05-22,YT Membership,129,Expenses,G-cash,5,22,2024,YT Membership,24/5,24/5/22,2024 May,8
304,2024-05-22,Genshin Welkin,280,Expenses,G-cash,5,22,2024,Genshin Welkin,24/5,24/5/22,2024 May,8
305,2024-05-23,folder ,50,Expenses,Stash,5,23,2024,folder ,24/5,24/5/23,2024 May,8
306,2024-05-23,Kape 2x,260,Expenses,Stash,5,23,2024,Kape 2x,24/5,24/5/23,2024 May,8
307,2024-05-23,wifi load (family access),199,Expenses,G-cash,5,23,2024,wifi load (family access),24/5,24/5/23,2024 May,8
308,2024-05-28,aragmot (recognition hosting),246,Expenses,Stash,5,28,2024,Aragmot,24/5,24/5/28,2024 May,8
309,2024-05-28,aragmot (graduation),440,Expenses,Stash,5,28,2024,Aragmot,24/5,24/5/28,2024 May,8
310,2024-05-28,Supa,125,Expenses,G-cash,5,28,2024,Supa,24/5,24/5/28,2024 May,8
311,2024-05-30,サラリー,12615,Income,Bank,5,30,2024,サラリー,24/5,24/5/30,2024 May,8
312,2024-06-02,tubig,105,Expenses,Stash,6,2,2024,tubig,24/6,24/6/2,2024 June,9
313,2024-06-04,Supa,125,Expenses,G-cash,6,4,2024,Supa,24/6,24/6/4,2024 June,9
314,2024-06-05,wifi load (magic data),699,Expenses,G-cash,6,5,2024,wifi load (magic data),24/6,24/6/5,2024 June,9
315,2024-06-06,Supa,125,Expenses,G-cash,6,6,2024,Supa,24/6,24/6/6,2024 June,9
316,2024-06-06,Ebo Sweldo,1500,Expenses,Stash,6,6,2024,Ebo Sweldo,24/6,24/6/6,2024 June,9
317,2024-06-06,Spotify,239,Expenses,G-cash,6,6,2024,Spotify,24/6,24/6/6,2024 June,9
318,2024-06-07,balay,5000,Expenses,Stash,6,7,2024,balay,24/6,24/6/7,2024 June,9
319,2024-06-07,Gasolina,2400,Expenses,Stash,6,7,2024,Gasolina,24/6,24/6/7,2024 June,9
320,2024-06-07,bioderm,25,Expenses,Stash,6,7,2024,bioderm,24/6,24/6/7,2024 June,9
321,2024-06-07,Supa,25,Expenses,G-cash,6,7,2024,Supa,24/6,24/6/7,2024 June,9
322,2024-06-07,Supa,125,Expenses,G-cash,6,7,2024,Supa,24/6,24/6/7,2024 June,9
323,2024-06-07,Supa,50,Expenses,G-cash,6,7,2024,Supa,24/6,24/6/7,2024 June,9
324,2024-06-10,pasahe (villa - tacloban),240,Expenses,Stash,6,10,2024,pasahe (villa - tacloban),24/6,24/6/10,2024 June,9
325,2024-06-10,Mcdo,328,Expenses,Stash,6,10,2024,Mcdo,24/6,24/6/10,2024 June,9
326,2024-06-10,withdraw (atm),19000,Withdraw,Bank,6,10,2024,withdraw (atm),24/6,24/6/10,2024 June,9
327,2024-06-10,withdraw charges,38,Expenses,Bank,6,10,2024,withdraw charges,24/6,24/6/10,2024 June,9
328,2024-06-10,deposit (to stash),19000,Deposit,Stash,6,10,2024,deposit (to stash),24/6,24/6/10,2024 June,9
329,2024-06-10,ID picture (Asayas),170,Expenses,Stash,6,10,2024,ID picture (Asayas),24/6,24/6/10,2024 June,9
330,2024-06-10,pamasahe (prc - mercury),15,Expenses,Stash,6,10,2024,pamasahe (prc - mercury),24/6,24/6/10,2024 June,9
331,2024-06-10,Jollibee,451,Expenses,Stash,6,10,2024,Jollibee,24/6,24/6/10,2024 June,9
332,2024-06-10,Sheena (Exam fee),5000,Expenses,Stash,6,10,2024,Sheena (Exam fee),24/6,24/6/10,2024 June,9
333,2024-06-10,mango shake,70,Expenses,Stash,6,10,2024,mango shake,24/6,24/6/10,2024 June,9
334,2024-06-10,aficionado (F28),320,Expenses,Stash,6,10,2024,aficionado (F28),24/6,24/6/10,2024 June,9
335,2024-06-10,pasahe (tacloban - villa),360,Expenses,Stash,6,10,2024,pasahe (tacloban - villa),24/6,24/6/10,2024 June,9
336,2024-06-10,Gcash cash-in,200,Withdraw,Stash,6,10,2024,Gcash cash-in,24/6,24/6/10,2024 June,9
337,2024-06-10,Gcash cash-in,200,Deposit,G-cash,6,10,2024,Gcash cash-in,24/6,24/6/10,2024 June,9
338,2024-06-10,wifi load (family access),199,Expenses,G-cash,6,10,2024,wifi load (family access),24/6,24/6/10,2024 June,9
339,2024-06-11,Gcash cash-in (NLC),1500,Deposit,G-cash,6,11,2024,Gcash cash-in,24/6,24/6/11,2024 June,9
340,2024-06-11,Gcash cash-out (NLC; to mam Daisy),750,Withdraw,G-cash,6,11,2024,Gcash cash-out,24/6,24/6/11,2024 June,9
341,2024-06-13,さラリー,12615,Income,Bank,6,13,2024,さラリー,24/6,24/6/13,2024 June,9
342,2024-06-13,Supa,125,Expenses,G-cash,6,13,2024,Supa,24/6,24/6/13,2024 June,9
343,2024-06-14,Supa,50,Expenses,G-cash,6,14,2024,Supa,24/6,24/6/14,2024 June,9
344,2024-06-15,Kape 2x,260,Expenses,Stash,6,15,2024,Kape 2x,24/6,24/6/15,2024 June,9
345,2024-06-15,Gcash cash-in,3000,Withdraw,Stash,6,15,2024,Gcash cash-in,24/6,24/6/15,2024 June,9
346,2024-06-15,Gacash cash-in,3000,Deposit,G-cash,6,15,2024,Gcash cash-in,24/6,24/6/15,2024 June,9
347,2024-06-19,irimnon,250,Expenses,Stash,6,19,2024,irimnon,24/6,24/6/19,2024 June,9
348,2024-06-19,gasolina,75,Expenses,Stash,6,19,2024,gasolina,24/6,24/6/19,2024 June,9
349,2024-06-20,wifi load (family access),199,Expenses,G-cash,6,20,2024,wifi load (family access),24/6,24/6/20,2024 June,9
350,2024-06-20,Supa,50,Expenses,G-cash,6,20,2024,Supa,24/6,24/6/20,2024 June,9
351,2024-06-21,YT Membership,129,Expenses,G-cash,6,21,2024,YT Membership,24/6,24/6/21,2024 June,9
352,2024-06-22,Membership gift,129,Expenses,G-cash,6,22,2024,Membership gift,24/6,24/6/22,2024 June,9
353,2024-06-23,Supa,50,Expenses,G-cash,6,23,2024,Supa,24/6,24/6/23,2024 June,9
354,2024-06-23,Supa,50,Expenses,G-cash,6,23,2024,Supa,24/6,24/6/23,2024 June,9
355,2024-06-23,Supa,125,Expenses,G-cash,6,23,2024,Supa,24/6,24/6/23,2024 June,9
356,2024-06-23,irimnon,240,Expenses,Stash,6,23,2024,irimnon,24/6,24/6/23,2024 June,9
357,2024-06-27,サラリー,12616,Income,Stash,6,27,2024,サラリー,24/6,24/6/27,2024 June,9
358,2024-06-27,Supa,50,Expenses,G-cash,6,27,2024,Supa,24/6,24/6/27,2024 June,9
359,2024-06-27,Supa,50,Expenses,G-cash,6,27,2024,Supa,24/6,24/6/27,2024 June,9
360,2024-06-28,Membership gift,129,Expenses,G-cash,6,28,2024,Membership gift,24/6,24/6/28,2024 June,9
361,2024-06-28,Supa,125,Expenses,G-cash,6,28,2024,Supa,24/6,24/6/28,2024 June,9
362,2024-06-28,Sheena ,150,Expenses,G-cash,6,28,2024,Sheena ,24/6,24/6/28,2024 June,9
363,2024-06-28,pamasahe (lamingao - catbalogan),150,Expenses,Stash,6,28,2024,pamasahe (lamingao - catbalogan),24/6,24/6/28,2024 June,9
364,2024-06-28,Jollibee,178,Expenses,Stash,6,28,2024,Jollibee,24/6,24/6/28,2024 June,9
365,2024-06-28,eco-bag,16,Expenses,Stash,6,28,2024,eco-bag,24/6,24/6/28,2024 June,9
366,2024-06-28,pasahe,10,Expenses,Stash,6,28,2024,pasahe,24/6,24/6/28,2024 June,9
367,2024-06-28,tubig,12,Expenses,Stash,6,28,2024,tubig,24/6,24/6/28,2024 June,9
368,2024-06-28,pamasahe (catbalogan - villa),150,Expenses,Stash,6,28,2024,pamasahe (catbalogan - villa),24/6,24/6/28,2024 June,9
369,2024-06-28,pamasahe (villa - lamingao),50,Expenses,Stash,6,28,2024,pamasahe (villa - lamingao),24/6,24/6/28,2024 June,9
370,2024-06-28,bank withdraw,220000,Withdraw,Bank,6,28,2024,bank withdraw,24/6,24/6/28,2024 June,9
371,2024-06-28,stash deposit,220000,Deposit,Stash,6,28,2024,stash deposit,24/6,24/6/28,2024 June,9
372,2024-07-01,wifi load (family access),199,Expenses,G-cash,7,1,2024,wifi load (family access),24/7,24/7/1,2024 July,10
373,2024-07-04,balay,5000,Expenses,Stash,7,4,2024,balay,24/7,24/7/4,2024 July,10
374,2024-07-04,Kape 2x,260,Expenses,Stash,7,4,2024,Kape 2x,24/7,24/7/4,2024 July,10
375,2024-07-06,Spotify,239,Expenses,G-cash,7,6,2024,Spotify,24/7,24/7/6,2024 July,10
376,2024-07-10,bioderm 3 bxs,144,Expenses,Stash,7,10,2024,bioderm 3 bxs,24/7,24/7/10,2024 July,10
377,2024-07-10,steam summer sale,188,Expenses,G-cash,7,10,2024,Steam,24/7,24/7/10,2024 July,10
378,2024-07-10,supa,50,Expenses,G-cash,7,10,2024,Supa,24/7,24/7/10,2024 July,10
379,2024-07-10,supa,125,Expenses,G-cash,7,10,2024,Supa,24/7,24/7/10,2024 July,10
380,2024-07-11,gaming chair,2542,Expenses,Stash,7,11,2024,gaming chair,24/7,24/7/11,2024 July,10
381,2024-07-12,Supa,50,Expenses,G-cash,7,12,2024,Supa,24/7,24/7/12,2024 July,10
382,2024-07-15,cellophane ,30,Expenses,Stash,7,15,2024,cellophane ,24/7,24/7/15,2024 July,10
383,2024-07-15,サラリー,12663,Income,Bank,7,15,2024,サラリー,24/7,24/7/15,2024 July,10
384,2024-07-16,pancit canton,45,Expenses,Stash,7,16,2024,pancit canton,24/7,24/7/16,2024 July,10
385,2024-07-16,plywood sta clara,1195,Expenses,Stash,7,16,2024,plywood sta clara,24/7,24/7/16,2024 July,10
386,2024-07-16,epoxy el kapitan,455,Expenses,Stash,7,16,2024,epoxy el kapitan,24/7,24/7/16,2024 July,10
387,2024-07-16,bronze nail,550,Expenses,Stash,7,16,2024,bronze nail,24/7,24/7/16,2024 July,10
388,2024-07-16,labor,2000,Expenses,Stash,7,16,2024,labor,24/7,24/7/16,2024 July,10
389,2024-07-17,jolly-spagetti (1 topperware),237,Expenses,Stash,7,17,2024,jolly-spagetti (1 topperware),24/7,24/7/17,2024 July,10
390,2024-07-17,jolly-burger,160,Expenses,Stash,7,17,2024,jolly-burger,24/7,24/7/17,2024 July,10
391,2024-07-17,wifi load (family access),199,Expenses,G-cash,7,17,2024,wifi load (family access),24/7,24/7/17,2024 July,10
392,2024-07-17,wifi load (magic data),699,Expenses,G-cash,7,17,2024,wifi load (magic data),24/7,24/7/17,2024 July,10
393,2024-07-19,irimnon,600,Expenses,Stash,7,19,2024,irimnon,24/7,24/7/19,2024 July,10
394,2024-07-19,pepsi,150,Expenses,Stash,7,19,2024,pepsi,24/7,24/7/19,2024 July,10
395,2024-07-19,handa (birthday),4000,Expenses,Stash,7,19,2024,handa (birthday),24/7,24/7/19,2024 July,10
396,2024-07-20,irimnon,1200,Expenses,Stash,7,20,2024,irimnon,24/7,24/7/20,2024 July,10
397,2024-07-21,Gcash cash-in,3000,Withdraw,Stash,7,21,2024,Gcash cash-in,24/7,24/7/21,2024 July,10
398,2024-07-21,Gcash cash-in,3400,Deposit,G-cash,7,21,2024,Gcash cash-in,24/7,24/7/21,2024 July,10
399,2024-07-22,YT Membership,129,Expenses,G-cash,7,22,2024,YT Membership,24/7,24/7/22,2024 July,10
400,2024-07-22,welcome party aragmot,650,Expenses,G-cash,7,22,2024,welcome party aragmot,24/7,24/7/22,2024 July,10
401,2024-07-23,bokbok,150,Expenses,Stash,7,23,2024,bokbok,24/7,24/7/23,2024 July,10
402,2024-07-25,pamasahe (lamingao - villa),30,Expenses,Stash,7,25,2024,pamasahe (lamingao - villa),24/7,24/7/25,2024 July,10
403,2024-07-25,pamahaw,30,Expenses,Stash,7,25,2024,pamahaw,24/7,24/7/25,2024 July,10
404,2024-07-25,pandesal,10,Expenses,Stash,7,25,2024,pandesal,24/7,24/7/25,2024 July,10
405,2024-07-25,diatabs,30,Expenses,Stash,7,25,2024,diatabs,24/7,24/7/25,2024 July,10
406,2024-07-25,pamasahe (villa - lamingao),30,Expenses,Stash,7,25,2024,pamasahe (villa - lamingao),24/7,24/7/25,2024 July,10
407,2024-07-25,donation,125,Expenses,G-cash,7,25,2024,donation,24/7,24/7/25,2024 July,10
408,2024-07-26,pamasahe (lamingao - villa),30,Expenses,Stash,7,26,2024,pamasahe (lamingao - villa),24/7,24/7/26,2024 July,10
409,2024-07-26,lomotil,14,Expenses,Stash,7,26,2024,lomotil,24/7,24/7/26,2024 July,10
410,2024-07-26,pandesal,10,Expenses,Stash,7,26,2024,pandesal,24/7,24/7/26,2024 July,10
411,2024-07-26,tubig,15,Expenses,Stash,7,26,2024,tubig,24/7,24/7/26,2024 July,10
412,2024-07-26,pamasahe (villa - lamingao),15,Expenses,Stash,7,26,2024,pamasahe (villa - lamingao),24/7,24/7/26,2024 July,10
413,2024-07-26,サラリー,12615,Income,Stash,7,26,2024,サラリー,24/7,24/7/26,2024 July,10
414,2024-07-27,pamasahe (lamingao - villa),30,Expenses,Stash,7,27,2024,pamasahe (lamingao - villa),24/7,24/7/27,2024 July,10
415,2024-07-27,pandesal,10,Expenses,Stash,7,27,2024,pandesal,24/7,24/7/27,2024 July,10
416,2024-07-27,tubig,15,Expenses,Stash,7,27,2024,tubig,24/7,24/7/27,2024 July,10
417,2024-07-27,pamasahe (villa - lamingao),30,Expenses,Stash,7,27,2024,pamasahe (villa - lamingao),24/7,24/7/27,2024 July,10
418,2024-07-30,cash allowance,5000,Income,Bank,7,30,2024,cash allowance,24/7,24/7/30,2024 July,10
419,2024-07-30,supa,125,Expenses,G-cash,7,30,2024,Supa,24/7,24/7/30,2024 July,10
420,2024-07-30,Supa,125,Expenses,G-cash,7,30,2024,Supa,24/7,24/7/30,2024 July,10
421,2024-07-31,yakult,65,Expenses,Stash,7,31,2024,yakult,24/7,24/7/31,2024 July,10
422,2024-08-01,pamasahe (lamingao - villa),30,Expenses,Stash,8,1,2024,pamasahe (lamingao - villa),24/8,24/8/1,2024 August,11
423,2024-08-01,paniudto,70,Expenses,Stash,8,1,2024,paniudto,24/8,24/8/1,2024 August,11
424,2024-08-02,wifi load (family access),199,Expenses,G-cash,8,2,2024,wifi load (family access),24/8,24/8/2,2024 August,11
425,2024-08-03,yakult,75,Expenses,Stash,8,3,2024,yakult,24/8,24/8/3,2024 August,11
426,2024-08-03,piatos,25,Expenses,Stash,8,3,2024,piatos,24/8,24/8/3,2024 August,11
427,2024-08-04,gasolina,750,Expenses,Stash,8,4,2024,gasolina,24/8,24/8/4,2024 August,11
428,2024-08-04,balay,5000,Expenses,Stash,8,4,2024,balay,24/8,24/8/4,2024 August,11
429,2024-08-04,sphero (1 L),290,Expenses,Stash,8,4,2024,sphero (1 L),24/8,24/8/4,2024 August,11
430,2024-08-04,epoxy,220,Expenses,Stash,8,4,2024,epoxy,24/8,24/8/4,2024 August,11
431,2024-08-04,pintura orange (1 L),290,Expenses,Stash,8,4,2024,pintura orange (1 L),24/8,24/8/4,2024 August,11
432,2024-08-04,pintura blue (1 can),90,Expenses,Stash,8,4,2024,pintura blue (1 can),24/8,24/8/4,2024 August,11
433,2024-08-04,mano tantan,100,Expenses,Stash,8,4,2024,mano tantan,24/8,24/8/4,2024 August,11
434,2024-08-06,Spotify,239,Expenses,G-cash,8,6,2024,Spotify,24/8,24/8/6,2024 August,11
435,2024-08-09,pamasahe (lamingao - villa),30,Expenses,Stash,8,9,2024,pamasahe (lamingao - villa),24/8,24/8/9,2024 August,11
436,2024-08-09,pamahaw,30,Expenses,Stash,8,9,2024,pamahaw,24/8,24/8/9,2024 August,11
437,2024-08-09,yakult,60,Expenses,Stash,8,9,2024,yakult,24/8,24/8/9,2024 August,11
438,2024-08-09,pamasahe (villa - lamingao),30,Expenses,Stash,8,9,2024,pamasahe (villa - lamingao),24/8,24/8/9,2024 August,11
439,2024-08-09,wifi load (family access),199,Expenses,G-cash,8,9,2024,wifi load (family access),24/8,24/8/9,2024 August,11
440,2024-08-10,pamasahe (lamingao - villa),30,Expenses,Stash,8,10,2024,pamasahe (lamingao - villa),24/8,24/8/10,2024 August,11
441,2024-08-10,pandesal,10,Expenses,Stash,8,10,2024,pandesal,24/8,24/8/10,2024 August,11
442,2024-08-10,tubig,15,Expenses,Stash,8,10,2024,tubig,24/8,24/8/10,2024 August,11
443,2024-08-10,boysen lemon yellow (1/4 L),120,Expenses,Stash,8,10,2024,boysen lemon yellow (1/4 L),24/8,24/8/10,2024 August,11
444,2024-08-10,Epoxy Red oxide (1 L),290,Expenses,Stash,8,10,2024,Epoxy Red oxide (1 L),24/8,24/8/10,2024 August,11
445,2024-08-12,chalk allowance,5000,Income,Bank,8,12,2024,chalk allowance,24/8,24/8/12,2024 August,11
446,2024-08-12,サラリー,12615,Income,Bank,8,12,2024,サラリー,24/8,24/8/12,2024 August,11
447,2024-08-15,Supa,125,Expenses,G-cash,8,15,2024,Supa,24/8,24/8/15,2024 August,11
448,2024-08-18,chalk,20,Expenses,Stash,8,18,2024,chalk,24/8,24/8/18,2024 August,11
449,2024-08-18,yakult,75,Expenses,Stash,8,18,2024,yakult,24/8,24/8/18,2024 August,11
450,2024-08-18,soft drinks 1.5L,70,Expenses,Stash,8,18,2024,soft drinks 1.5L,24/8,24/8/18,2024 August,11
451,2024-08-23,Kape 2x,260,Expenses,Stash,8,23,2024,Kape 2x,24/8,24/8/23,2024 August,11
452,2024-08-27,aragmot (induction),180,Expenses,Stash,8,27,2024,Aragmot,24/8,24/8/27,2024 August,11
453,2024-08-27,microsoft office install,300,Expenses,Stash,8,27,2024,microsoft office install,24/8,24/8/27,2024 August,11
454,2024-08-28,bioderm,25,Expenses,Stash,8,28,2024,bioderm,24/8,24/8/28,2024 August,11
455,2024-08-28,gala,200,Expenses,Stash,8,28,2024,gala,24/8,24/8/28,2024 August,11
456,2024-08-28,coke mismo (2 case),460,Expenses,Stash,8,28,2024,coke mismo (2 case),24/8,24/8/28,2024 August,11
457,2024-08-29,bag,1000,Expenses,G-cash,8,29,2024,bag,24/8,24/8/29,2024 August,11
458,2024-08-30,サラリー,12617,Income,Bank,8,30,2024,サラリー,24/8,24/8/30,2024 August,11
459,2024-08-30,ぴびび,12400,Income,Bank,8,30,2024,ぴびび,24/8,24/8/30,2024 August,11
460,2024-08-31,mano tantan,200,Expenses,Stash,8,31,2024,mano tantan,24/8,24/8/31,2024 August,11
461,2024-09-02,sura,40,Expenses,Stash,9,2,2024,sura,24/9,24/9/2,2024 September,12
462,2024-09-04,supa,125,Expenses,G-cash,9,4,2024,Supa,24/9,24/9/4,2024 September,12
463,2024-09-05,supa,50,Expenses,G-cash,9,5,2024,Supa,24/9,24/9/5,2024 September,12
464,2024-09-05,YT sticker,15,Expenses,G-cash,9,5,2024,YT sticker,24/9,24/9/5,2024 September,12
465,2024-09-05,supa,25,Expenses,G-cash,9,5,2024,Supa,24/9,24/9/5,2024 September,12
466,2024-09-05,sura,40,Expenses,Stash,9,5,2024,sura,24/9,24/9/5,2024 September,12
467,2024-09-06,Spotify,239,Expenses,G-cash,9,6,2024,Spotify,24/9,24/9/6,2024 September,12
468,2024-09-07,bonay,22,Expenses,Stash,9,7,2024,bonay,24/9,24/9/7,2024 September,12
469,2024-09-11,mano tantan,100,Expenses,Stash,9,11,2024,mano tantan,24/9,24/9/11,2024 September,12
470,2024-09-12,mano tantan,150,Expenses,Stash,9,12,2024,mano tantan,24/9,24/9/12,2024 September,12
471,2024-09-12,supa,125,Expenses,G-cash,9,12,2024,Supa,24/9,24/9/12,2024 September,12
472,2024-09-13,サラリー,25418,Income,Bank,9,13,2024,サラリー,24/9,24/9/13,2024 September,12
473,2024-09-14,balay,5000,Expenses,Stash,9,14,2024,balay,24/9,24/9/14,2024 September,12
474,2024-09-14,gasolina,2550,Expenses,Stash,9,14,2024,gasolina,24/9,24/9/14,2024 September,12
475,2024-09-14,Gcash cash-in,2150,Withdraw,Stash,9,14,2024,Gcash cash-in,24/9,24/9/14,2024 September,12
476,2024-09-14,Gcash cash-in,2150,Deposit,G-cash,9,14,2024,Gcash cash-in,24/9,24/9/14,2024 September,12
477,2024-09-14,sheena,300,Expenses,Stash,9,14,2024,sheena,24/9,24/9/14,2024 September,12
478,2024-09-16,pamasahe (guimbalangawan - guintarcan),20,Expenses,Stash,9,16,2024,pamasahe (guimbalangawan - guintarcan),24/9,24/9/16,2024 September,12
479,2024-09-17,pamasahe (guimbalangawan - guintarcan),20,Expenses,Stash,9,17,2024,pamasahe (guimbalangawan - guintarcan),24/9,24/9/17,2024 September,12
480,2024-09-17,pamasahe (guintarcan - guimbalangawan),20,Expenses,Stash,9,17,2024,pamasahe (guintarcan - guimbalangawan),24/9,24/9/17,2024 September,12
481,2024-09-18,pamasahe (guimbalangawan - guintarcan),20,Expenses,Stash,9,18,2024,pamasahe (guimbalangawan - guintarcan),24/9,24/9/18,2024 September,12
482,2024-09-19,notebook,35,Expenses,Stash,9,19,2024,notebook,24/9,24/9/19,2024 September,12
483,2024-09-19,chalk,20,Expenses,Stash,9,19,2024,chalk,24/9,24/9/19,2024 September,12
484,2024-09-19,paniudto,55,Expenses,Stash,9,19,2024,paniudto,24/9,24/9/19,2024 September,12
485,2024-09-20,wifi load (magic data),700,Expenses,G-cash,9,20,2024,wifi load (magic data),24/9,24/9/20,2024 September,12
486,2024-09-20,wifi load (family access),200,Expenses,G-cash,9,20,2024,wifi load (family access),24/9,24/9/20,2024 September,12
487,2024-09-20,coke mismo,450,Expenses,Stash,9,20,2024,coke mismo,24/9,24/9/20,2024 September,12
488,2024-09-20,gala,500,Expenses,Stash,9,20,2024,gala,24/9,24/9/20,2024 September,12
489,2024-09-21,tito dondon,200,Expenses,Stash,9,21,2024,tito dondon,24/9,24/9/21,2024 September,12
490,2024-09-21,Kape 2x,260,Expenses,Stash,9,21,2024,Kape 2x,24/9,24/9/21,2024 September,12
491,2024-09-22,YT Membership,129,Expenses,G-cash,9,22,2024,YT Membership,24/9,24/9/22,2024 September,12
492,2024-09-24,mano tantan,100,Expenses,Stash,9,24,2024,mano tantan,24/9,24/9/24,2024 September,12
493,2024-09-25,sura,30,Expenses,Stash,9,25,2024,sura,24/9,24/9/25,2024 September,12
494,2024-09-26,サラリー,13202,Income,Stash,9,26,2024,サラリー,24/9,24/9/26,2024 September,12
495,2024-09-27,aragmot (teachers day),500,Deposit,G-cash,9,27,2024,Aragmot,24/9,24/9/27,2024 September,12
496,2024-09-28,coke 1.5,80,Expenses,Stash,9,28,2024,coke 1.5,24/9,24/9/28,2024 September,12
497,2024-09-30,science quiz bee rewards,100,Expenses,Stash,9,30,2024,science quiz bee rewards,24/9,24/9/30,2024 September,12
498,2024-10-04,aragmot (teachers day),1365,Expenses,Stash,10,4,2024,Aragmot,24/10,24/10/4,2024 October,13
499,2024-10-04,pamasahe (lamingao - villa),30,Expenses,Stash,10,4,2024,pamasahe (lamingao - villa),24/10,24/10/4,2024 October,13
500,2024-10-04,tubig,20,Expenses,Stash,10,4,2024,tubig,24/10,24/10/4,2024 October,13
501,2024-10-04,pandesal,10,Expenses,Stash,10,4,2024,pandesal,24/10,24/10/4,2024 October,13
502,2024-10-04,pamasahe (villa - tacloban),120,Expenses,Stash,10,4,2024,pamasahe (villa - tacloban),24/10,24/10/4,2024 October,13
503,2024-10-04,pamahaw,218,Expenses,Stash,10,4,2024,pamahaw,24/10,24/10/4,2024 October,13
504,2024-10-04,aragmot (teachers day),855,Deposit,G-cash,10,4,2024,Aragmot,24/10,24/10/4,2024 October,13
505,2024-10-05,burger,45,Expenses,Stash,10,5,2024,burger,24/10,24/10/5,2024 October,13
506,2024-10-05,pamasahe (downtown - terminal),13,Expenses,Stash,10,5,2024,pamasahe (downtown - terminal),24/10,24/10/5,2024 October,13
507,2024-10-05,shawarma,290,Expenses,Stash,10,5,2024,shawarma,24/10,24/10/5,2024 October,13
508,2024-10-05,pamasahe (tacloban - villa),120,Expenses,Stash,10,5,2024,pamasahe (tacloban - villa),24/10,24/10/5,2024 October,13
509,2024-10-05,pamasahe (villa - lamingao),50,Expenses,Stash,10,5,2024,pamasahe (villa - lamingao),24/10,24/10/5,2024 October,13
510,2024-10-05,supa,125,Expenses,G-cash,10,5,2024,Supa,24/10,24/10/5,2024 October,13
511,2024-10-05,Supa,50,Expenses,G-cash,10,5,2024,Supa,24/10,24/10/5,2024 October,13
512,2024-10-06,Spotify,239,Expenses,G-cash,10,6,2024,Spotify,24/10,24/10/6,2024 October,13
513,2024-10-08,intrams props,500,Expenses,Stash,10,8,2024,intrams props,24/10,24/10/8,2024 October,13
514,2024-10-10,sura,35,Expenses,Stash,10,10,2024,sura,24/10,24/10/10,2024 October,13
515,2024-10-10,wifi load (family access),199,Expenses,G-cash,10,10,2024,wifi load (family access),24/10,24/10/10,2024 October,13
516,2024-10-13,???,1021,Income,Bank,10,13,2024,???,24/10,24/10/13,2024 October,13
517,2024-10-13,gasolina (sept 24),3150,Expenses,Stash,10,13,2024,gasolina (sept 24),24/10,24/10/13,2024 October,13
518,2024-10-13,balay (sept 24),5000,Expenses,Stash,10,13,2024,balay (sept 24),24/10,24/10/13,2024 October,13
519,2024-10-13,sheena paayad,1750,Expenses,Stash,10,13,2024,sheena paayad,24/10,24/10/13,2024 October,13
520,2024-10-14,pasahe (guimbalangawan - guintarcan),20,Expenses,Stash,10,14,2024,pasahe (guimbalangawan - guintarcan),24/10,24/10/14,2024 October,13
521,2024-10-14,sura,15,Expenses,Stash,10,14,2024,sura,24/10,24/10/14,2024 October,13
522,2024-10-14,サラリー,13240,Income,Bank,10,14,2024,サラリー,24/10,24/10/14,2024 October,13
523,2024-10-16,sura,45,Expenses,Stash,10,16,2024,sura,24/10,24/10/16,2024 October,13
524,2024-10-16,scouting membership,50,Expenses,Stash,10,16,2024,scouting membership,24/10,24/10/16,2024 October,13
525,2024-10-16,supa,125,Expenses,G-cash,10,16,2024,Supa,24/10,24/10/16,2024 October,13
526,2024-10-18,wifi load (family access),199,Expenses,G-cash,10,18,2024,wifi load (family access),24/10,24/10/18,2024 October,13
527,2024-10-19,Supa,125,Expenses,G-cash,10,19,2024,Supa,24/10,24/10/19,2024 October,13
528,2024-10-22,Kape 2x,260,Expenses,Stash,10,22,2024,Kape 2x,24/10,24/10/22,2024 October,13
529,2024-10-22,YT Membership,129,Expenses,G-cash,10,22,2024,YT Membership,24/10,24/10/22,2024 October,13
530,2024-10-23,sabon panlaba,8,Expenses,Stash,10,23,2024,sabon panlaba,24/10,24/10/23,2024 October,13
531,2024-10-23,Supa,125,Expenses,G-cash,10,23,2024,Supa,24/10,24/10/23,2024 October,13
532,2024-10-24,Supa,125,Expenses,G-cash,10,24,2024,Supa,24/10,24/10/24,2024 October,13
533,2024-10-25,letson,10000,Expenses,Stash,10,25,2024,letson,24/10,24/10/25,2024 October,13
534,2024-10-25,Supa,25,Expenses,G-cash,10,25,2024,Supa,24/10,24/10/25,2024 October,13
535,2024-10-26,tuba,200,Expenses,Stash,10,26,2024,tuba,24/10,24/10/26,2024 October,13
536,2024-10-26,wifi load (family access),199,Expenses,G-cash,10,26,2024,wifi load (family access),24/10,24/10/26,2024 October,13
537,2024-10-30,sura,15,Expenses,Stash,10,30,2024,sura,24/10,24/10/30,2024 October,13
538,2024-10-30,steam (outlast),92,Expenses,G-cash,10,30,2024,Steam,24/10,24/10/30,2024 October,13
539,2024-10-31,tuba,150,Expenses,Stash,10,31,2024,tuba,24/10,24/10/31,2024 October,13
540,2024-10-31,サラリー,13241,Income,Bank,10,31,2024,サラリー,24/10,24/10/31,2024 October,13
541,2024-11-02,arot,35,Expenses,Stash,11,2,2024,arot,24/11,24/11/2,2024 November,14
542,2024-11-03,wifi load (family access),199,Expenses,G-cash,11,3,2024,wifi load (family access),24/11,24/11/3,2024 November,14
543,2024-11-05,manok,30,Expenses,Stash,11,5,2024,manok,24/11,24/11/5,2024 November,14
544,2024-11-05,hotdog,15,Expenses,Stash,11,5,2024,hotdog,24/11,24/11/5,2024 November,14
545,2024-11-06,hotdog,15,Expenses,Stash,11,6,2024,hotdog,24/11,24/11/6,2024 November,14
546,2024-11-06,Spotify,239,Expenses,G-cash,11,6,2024,Spotify,24/11,24/11/6,2024 November,14
547,2024-11-07,hotdog,15,Expenses,Stash,11,7,2024,hotdog,24/11,24/11/7,2024 November,14
548,2024-11-07,burger steak,20,Expenses,Stash,11,7,2024,burger steak,24/11,24/11/7,2024 November,14
549,2024-11-11,bayad absent,500,Expenses,Stash,11,11,2024,bayad absent,24/11,24/11/11,2024 November,14
550,2024-11-11,referee,200,Expenses,Stash,11,11,2024,referee,24/11,24/11/11,2024 November,14
551,2024-11-11,tubig,50,Expenses,Stash,11,11,2024,tubig,24/11,24/11/11,2024 November,14
552,2024-11-11,suhol tubig,20,Expenses,Stash,11,11,2024,suhol tubig,24/11,24/11/11,2024 November,14
553,2024-11-11,disposable cups,40,Expenses,Stash,11,11,2024,disposable cups,24/11,24/11/11,2024 November,14
554,2024-11-12,sura,45,Expenses,Stash,11,12,2024,sura,24/11,24/11/12,2024 November,14
555,2024-11-12,Kape 2x,265,Expenses,Stash,11,12,2024,Kape 2x,24/11,24/11/12,2024 November,14
556,2024-11-12,歳末のボーナス,27000,Income,Bank,11,12,2024,歳末のボーナス,24/11,24/11/12,2024 November,14
557,2024-11-12,cash gift,5000,Income,Bank,11,12,2024,cash gift,24/11,24/11/12,2024 November,14
558,2024-11-12,サラリー,14752,Income,Bank,11,12,2024,サラリー,24/11,24/11/12,2024 November,14
559,2024-11-13,sura,30,Expenses,Stash,11,13,2024,sura,24/11,24/11/13,2024 November,14
560,2024-11-13,gasolina (oct 24),2325,Expenses,Stash,11,13,2024,gasolina (oct 24),24/11,24/11/13,2024 November,14
561,2024-11-13,balay,5000,Expenses,Stash,11,13,2024,balay,24/11,24/11/13,2024 November,14
562,2024-11-13,asite,300,Expenses,Stash,11,13,2024,asite,24/11,24/11/13,2024 November,14
563,2024-11-15,tito dondon,100,Expenses,Stash,11,15,2024,tito dondon,24/11,24/11/15,2024 November,14
564,2024-11-16,wifi load (family access),199,Expenses,G-cash,11,16,2024,wifi load (family access),24/11,24/11/16,2024 November,14
565,2024-11-18,donation - basket ball G11,100,Expenses,Stash,11,18,2024,donation - basket ball G11,24/11,24/11/18,2024 November,14
566,2024-11-18,sura,15,Expenses,Stash,11,18,2024,sura,24/11,24/11/18,2024 November,14
567,2024-11-19,sura,15,Expenses,Stash,11,19,2024,sura,24/11,24/11/19,2024 November,14
568,2024-11-19,donation - basket ball G9,100,Expenses,Stash,11,19,2024,donation - basket ball G9,24/11,24/11/19,2024 November,14
569,2024-11-20,donation - basket ball G10,100,Expenses,Stash,11,20,2024,donation - basket ball G10,24/11,24/11/20,2024 November,14
570,2024-11-22,donation - volley ball,100,Expenses,Stash,11,22,2024,donation - volley ball,24/11,24/11/22,2024 November,14
571,2024-11-22,sura,45,Expenses,Stash,11,22,2024,sura,24/11,24/11/22,2024 November,14
572,2024-11-22,YT Membership,129,Expenses,G-cash,11,22,2024,YT Membership,24/11,24/11/22,2024 November,14
573,2024-11-22,supa,50,Expenses,G-cash,11,22,2024,Supa,24/11,24/11/22,2024 November,14
574,2024-11-24,Gcash cash-in,3000,Withdraw,Stash,11,24,2024,Gcash cash-in,24/11,24/11/24,2024 November,14
575,2024-11-24,Gcash cash-in,3000,Deposit,G-cash,11,24,2024,Gcash cash-in,24/11,24/11/24,2024 November,14
576,2024-11-24,wifi load (magic data),699,Expenses,G-cash,11,24,2024,wifi load (magic data),24/11,24/11/24,2024 November,14
577,2024-11-26,Supa,125,Expenses,G-cash,11,26,2024,Supa,24/11,24/11/26,2024 November,14
578,2024-11-27,Supa,50,Expenses,G-cash,11,27,2024,Supa,24/11,24/11/27,2024 November,14
579,2024-11-29,ballpen,12,Expenses,Stash,11,29,2024,ballpen,24/11,24/11/29,2024 November,14
580,2024-11-29,arot,30,Expenses,Stash,11,29,2024,arot,24/11,24/11/29,2024 November,14
581,2024-11-30,サラリー,13240,Income,Stash,11,30,2024,サラリー,24/11,24/11/30,2024 November,14
582,2024-12-04,hotdog,15,Expenses,Stash,12,4,2024,hotdog,24/12,24/12/4,2024 December,15
583,2024-12-06,sura,45,Expenses,Stash,12,6,2024,sura,24/12,24/12/6,2024 December,15
584,2024-12-06,Supa,125,Expenses,G-cash,12,6,2024,Supa,24/12,24/12/6,2024 December,15
585,2024-12-06,supa,50,Expenses,G-cash,12,6,2024,Supa,24/12,24/12/6,2024 December,15
586,2024-12-06,supa,125,Expenses,G-cash,12,6,2024,Supa,24/12,24/12/6,2024 December,15
587,2024-12-06,Spotify,239,Expenses,G-cash,12,6,2024,Spotify,24/12,24/12/6,2024 December,15
588,2024-12-08,kape blanca,135,Expenses,Stash,12,8,2024,kape blanca,24/12,24/12/8,2024 December,15
589,2024-12-08,ketchup,35,Expenses,Stash,12,8,2024,ketchup,24/12,24/12/8,2024 December,15
590,2024-12-10,hotdog,15,Expenses,Stash,12,10,2024,hotdog,24/12,24/12/10,2024 December,15
591,2024-12-11,sura,45,Expenses,Stash,12,11,2024,sura,24/12,24/12/11,2024 December,15
592,2024-12-13,sura,45,Expenses,Stash,12,13,2024,sura,24/12,24/12/13,2024 December,15
593,2024-12-14,portfolio day,225,Expenses,Stash,12,14,2024,portfolio day,24/12,24/12/14,2024 December,15
594,2024-12-16,buy load,503,Expenses,G-cash,12,16,2024,buy load,24/12,24/12/16,2024 December,15
595,2024-12-16,buy load,203,Expenses,G-cash,12,16,2024,buy load,24/12,24/12/16,2024 December,15
596,2024-12-19,mesa de gallo,200,Expenses,Stash,12,19,2024,mesa de gallo,24/12,24/12/19,2024 December,15
597,2024-12-19,xmas party,365,Expenses,Stash,12,19,2024,xmas party,24/12,24/12/19,2024 December,15
598,2024-12-19,prize,180,Expenses,Stash,12,19,2024,prize,24/12,24/12/19,2024 December,15
599,2024-12-19,soft drinks,350,Expenses,Stash,12,19,2024,soft drinks,24/12,24/12/19,2024 December,15
600,2024-12-19,brownies,175,Expenses,Stash,12,19,2024,brownies,24/12,24/12/19,2024 December,15
601,2024-12-20,wifi load (family access),199,Expenses,G-cash,12,20,2024,wifi load (family access),24/12,24/12/20,2024 December,15
602,2024-12-21,サラリー,13240,Income,Bank,12,21,2024,サラリー,24/12,24/12/21,2024 December,15
603,2024-12-21,第十三月のサラリー,25000,Income,Bank,12,21,2024,第十三月のサラリー,24/12,24/12/21,2024 December,15
604,2024-12-21,gasolina,3000,Expenses,Stash,12,21,2024,gasolina,24/12,24/12/21,2024 December,15
605,2024-12-21,balay,6000,Expenses,Stash,12,21,2024,balay,24/12,24/12/21,2024 December,15
606,2024-12-21,bado,1050,Expenses,Stash,12,21,2024,bado,24/12,24/12/21,2024 December,15
607,2024-12-21,phone stand,100,Expenses,Stash,12,21,2024,phone stand,24/12,24/12/21,2024 December,15
608,2024-12-21,asiti,210,Expenses,Stash,12,21,2024,asiti,24/12,24/12/21,2024 December,15
609,2024-12-22,YT Membership,129,Expenses,G-cash,12,22,2024,YT Membership,24/12,24/12/22,2024 December,15
610,2024-12-23,pamasahe,25,Expenses,Stash,12,23,2024,pamasahe,24/12,24/12/23,2024 December,15
611,2024-12-23,pandesal,10,Expenses,Stash,12,23,2024,pandesal,24/12,24/12/23,2024 December,15
612,2024-12-23,tubig,15,Expenses,Stash,12,23,2024,tubig,24/12,24/12/23,2024 December,15
613,2024-12-23,pamahaw,160,Expenses,Stash,12,23,2024,pamahaw,24/12,24/12/23,2024 December,15
614,2024-12-23,paniudto,185,Expenses,Stash,12,23,2024,paniudto,24/12,24/12/23,2024 December,15
615,2024-12-23,panigab-i,190,Expenses,Stash,12,23,2024,panigab-i,24/12,24/12/23,2024 December,15
616,2024-12-23,サラリー,13241,Income,Bank,12,23,2024,サラリー,24/12,24/12/23,2024 December,15
617,2024-12-23,withdraw (atm),10000,Withdraw,Bank,12,23,2024,withdraw (atm),24/12,24/12/23,2024 December,15
618,2024-12-23,transfer from 09530858208,185,Deposit,G-cash,12,23,2024,transfer from 09530858208,24/12,24/12/23,2024 December,15
619,2024-12-24,aficionado (F28),320,Expenses,Stash,12,24,2024,aficionado (F28),24/12,24/12/24,2024 December,15
620,2024-12-24,boxer shorts,798,Expenses,Stash,12,24,2024,boxer shorts,24/12,24/12/24,2024 December,15
621,2024-12-24,sliced bread,180,Expenses,Stash,12,24,2024,sliced bread,24/12,24/12/24,2024 December,15
622,2024-12-24,eco-bag,28,Expenses,Stash,12,24,2024,eco-bag,24/12,24/12/24,2024 December,15
623,2024-12-24,pamasahe,140,Expenses,Stash,12,24,2024,pamasahe,24/12,24/12/24,2024 December,15
624,2024-12-24,kuya huram,200,Expenses,Stash,12,24,2024,kuya huram,24/12,24/12/24,2024 December,15
625,2024-12-24,red horse (1 case),720,Expenses,Stash,12,24,2024,red horse (1 case),24/12,24/12/24,2024 December,15
626,2024-12-25,pamaskuhan,1150,Expenses,Stash,12,25,2024,pamaskuhan,24/12,24/12/25,2024 December,15
627,2024-12-25,Steam (until then),399,Expenses,G-cash,12,25,2024,Steam,24/12,24/12/25,2024 December,15
628,2024-12-26,tuba,350,Expenses,Stash,12,26,2024,tuba,24/12,24/12/26,2024 December,15
629,2024-12-28,wifi load (family access),199,Expenses,G-cash,12,28,2024,wifi load (family access),24/12,24/12/28,2024 December,15
630,2024-12-29,pandesal,20,Expenses,Stash,12,29,2024,pandesal,24/12,24/12/29,2024 December,15
631,2024-12-29,tubig,15,Expenses,Stash,12,29,2024,tubig,24/12,24/12/29,2024 December,15
632,2024-12-29,pamahaw,281,Expenses,Stash,12,29,2024,pamahaw,24/12,24/12/29,2024 December,15
633,2024-12-29,withdraw (atm),9972,Withdraw,Bank,12,29,2024,withdraw (atm),24/12,24/12/29,2024 December,15
634,2024-12-29,eco-bag,26,Expenses,Stash,12,29,2024,eco-bag,24/12,24/12/29,2024 December,15
635,2024-12-29,bata medyas,69,Expenses,Stash,12,29,2024,bata medyas,24/12,24/12/29,2024 December,15
636,2024-12-29,bata pajama w/ hood,269,Expenses,Stash,12,29,2024,bata pajama w/ hood,24/12,24/12/29,2024 December,15
637,2024-12-29,hoody jacket,263,Expenses,Stash,12,29,2024,hoody jacket,24/12,24/12/29,2024 December,15
638,2024-12-29,t-shirt,279,Expenses,Stash,12,29,2024,t-shirt,24/12,24/12/29,2024 December,15
639,2024-12-29,pagkaon,250,Expenses,Stash,12,29,2024,pagkaon,24/12,24/12/29,2024 December,15
640,2024-12-29,grocery,87,Expenses,Stash,12,29,2024,grocery,24/12,24/12/29,2024 December,15
641,2024-12-30,lamesa,1289,Expenses,Stash,12,30,2024,lamesa,24/12,24/12/30,2024 December,15
642,2024-12-30,Kape 2x,270,Expenses,Stash,12,30,2024,Kape 2x,24/12,24/12/30,2024 December,15
643,2024-12-31,beer (1 case),720,Expenses,Stash,12,31,2024,beer (1 case),24/12,24/12/31,2024 December,15
644,2025-01-01,kape,5,Expenses,Stash,1,1,2025,kape,25/1,25/1/1,2025 January,16
645,2025-01-02,tubig,25,Expenses,Stash,1,2,2025,tubig,25/1,25/1/2,2025 January,16
646,2025-01-02,supa,50,Expenses,G-cash,1,2,2025,Supa,25/1,25/1/2,2025 January,16
647,2025-01-02,supa,125,Expenses,G-cash,1,2,2025,Supa,25/1,25/1/2,2025 January,16
648,2025-01-04,gasolina,2100,Expenses,Stash,1,4,2025,gasolina,25/1,25/1/4,2025 January,16
649,2025-01-04,balay,7000,Expenses,Stash,1,4,2025,balay,25/1,25/1/4,2025 January,16
650,2025-01-06,Spotify,239,Expenses,G-cash,1,6,2025,Spotify,25/1,25/1/6,2025 January,16
651,2025-01-08,supa,125,Expenses,G-cash,1,8,2025,Supa,25/1,25/1/8,2025 January,16
652,2025-01-10,pasahe (lamingao - catbalogan),150,Expenses,Stash,1,10,2025,pasahe (lamingao - catbalogan),25/1,25/1/10,2025 January,16
653,2025-01-10,pasahe,30,Expenses,Stash,1,10,2025,pasahe,25/1,25/1/10,2025 January,16
654,2025-01-10,snack,40,Expenses,Stash,1,10,2025,snack,25/1,25/1/10,2025 January,16
655,2025-01-10,paniudto,83,Expenses,Stash,1,10,2025,paniudto,25/1,25/1/10,2025 January,16
656,2025-01-10,payong,230,Expenses,Stash,1,10,2025,payong,25/1,25/1/10,2025 January,16
657,2025-01-10,pasahe (catbalogan - villa),130,Expenses,Stash,1,10,2025,pasahe (catbalogan - villa),25/1,25/1/10,2025 January,16
658,2025-01-10,pashe (villa - lamingao),200,Expenses,Stash,1,10,2025,pashe (villa - lamingao),25/1,25/1/10,2025 January,16
659,2025-01-13,pasahe (lamingao - catbalogan),150,Expenses,Stash,1,13,2025,pasahe (lamingao - catbalogan),25/1,25/1/13,2025 January,16
660,2025-01-13,pamahaw,89,Expenses,Stash,1,13,2025,pamahaw,25/1,25/1/13,2025 January,16
661,2025-01-13,pamasahe,60,Expenses,Stash,1,13,2025,pamasahe,25/1,25/1/13,2025 January,16
662,2025-01-13,withdraw (atm),20000,Withdraw,Bank,1,13,2025,withdraw (atm),25/1,25/1/13,2025 January,16
663,2025-01-13,monitor,5490,Expenses,Stash,1,13,2025,monitor,25/1,25/1/13,2025 January,16
664,2025-01-13,pasahe,10,Expenses,Stash,1,13,2025,pasahe,25/1,25/1/13,2025 January,16
665,2025-01-13,pasahe (catbalogan - lamingao),150,Expenses,Stash,1,13,2025,pasahe (catbalogan - lamingao),25/1,25/1/13,2025 January,16
666,2025-01-15,pasahe (lamingao - villa),30,Expenses,Stash,1,15,2025,pasahe (lamingao - villa),25/1,25/1/15,2025 January,16
667,2025-01-15,pasahe (villa - tacloban),120,Expenses,Stash,1,15,2025,pasahe (villa - tacloban),25/1,25/1/15,2025 January,16
668,2025-01-15,pamahaw,184,Expenses,Stash,1,15,2025,pamahaw,25/1,25/1/15,2025 January,16
669,2025-01-15,pamasahe (terminal - downtown),13,Expenses,Stash,1,15,2025,pamasahe (terminal - downtown),25/1,25/1/15,2025 January,16
670,2025-01-15,pamasahe,40,Expenses,Stash,1,15,2025,pamasahe,25/1,25/1/15,2025 January,16
671,2025-01-15,t-shirt,638,Expenses,Stash,1,15,2025,t-shirt,25/1,25/1/15,2025 January,16
672,2025-01-15,boxer shorts,599,Expenses,Stash,1,15,2025,boxer shorts,25/1,25/1/15,2025 January,16
673,2025-01-15,burger,42,Expenses,Stash,1,15,2025,burger,25/1,25/1/15,2025 January,16
674,2025-01-15,pamasahe (tacloban - villa),120,Expenses,Stash,1,15,2025,pamasahe (tacloban - villa),25/1,25/1/15,2025 January,16
675,2025-01-15,pamasahe (villa - lamingao),20,Expenses,Stash,1,15,2025,pamasahe (villa - lamingao),25/1,25/1/15,2025 January,16
676,2025-01-15,shawarma,300,Expenses,Stash,1,15,2025,shawarma,25/1,25/1/15,2025 January,16
677,2025-01-16,サラリー,13201,Income,Bank,1,16,2025,サラリー,25/1,25/1/16,2025 January,16
678,2025-01-17,pasahe (lamingao - villa),50,Expenses,Stash,1,17,2025,pasahe (lamingao - villa),25/1,25/1/17,2025 January,16
679,2025-01-17,tinapay,20,Expenses,Stash,1,17,2025,tinapay,25/1,25/1/17,2025 January,16
680,2025-01-17,tubig,20,Expenses,Stash,1,17,2025,tubig,25/1,25/1/17,2025 January,16
681,2025-01-17,pamasahe (villa - catbalogan),120,Expenses,Stash,1,17,2025,pamasahe (villa - catbalogan),25/1,25/1/17,2025 January,16
682,2025-01-17,pamahaw,120,Expenses,Stash,1,17,2025,pamahaw,25/1,25/1/17,2025 January,16
683,2025-01-17,pamasahe,60,Expenses,Stash,1,17,2025,pamasahe,25/1,25/1/17,2025 January,16
684,2025-01-17,extension wire,135,Expenses,Stash,1,17,2025,extension wire,25/1,25/1/17,2025 January,16
685,2025-01-17,eco-bag,20,Expenses,Stash,1,17,2025,eco-bag,25/1,25/1/17,2025 January,16
686,2025-01-17,pasahe,10,Expenses,Stash,1,17,2025,pasahe,25/1,25/1/17,2025 January,16
687,2025-01-17,tubig,25,Expenses,Stash,1,17,2025,tubig,25/1,25/1/17,2025 January,16
688,2025-01-17,pamasahe (catbalogan - villa),120,Expenses,Stash,1,17,2025,pamasahe (catbalogan - villa),25/1,25/1/17,2025 January,16
689,2025-01-17,pamasahe (villa - lamingao),100,Expenses,Stash,1,17,2025,pamasahe (villa - lamingao),25/1,25/1/17,2025 January,16
690,2025-01-19,Gcash cash-in,1000,Deposit,G-cash,1,19,2025,Gcash cash-in,25/1,25/1/19,2025 January,16
691,2025-01-19,buy load,503,Expenses,G-cash,1,19,2025,buy load,25/1,25/1/19,2025 January,16
692,2025-01-19,buy load,203,Expenses,G-cash,1,19,2025,buy load,25/1,25/1/19,2025 January,16
693,2025-01-22,YT Membership,129,Expenses,G-cash,1,22,2025,YT Membership,25/1,25/1/22,2025 January,16
694,2025-01-24,pasahe (lamingao - catbalogan),300,Expenses,Stash,1,24,2025,pasahe (lamingao - catbalogan),25/1,25/1/24,2025 January,16
695,2025-01-24,pamahaw,392,Expenses,Stash,1,24,2025,pamahaw,25/1,25/1/24,2025 January,16
696,2025-01-24,paperworld,58,Expenses,Stash,1,24,2025,paperworld,25/1,25/1/24,2025 January,16
697,2025-01-24,photocopy,18,Expenses,Stash,1,24,2025,photocopy,25/1,25/1/24,2025 January,16
698,2025-01-24,pasahe,20,Expenses,Stash,1,24,2025,pasahe,25/1,25/1/24,2025 January,16
699,2025-01-25,Gcash cash-in,3400,Deposit,G-cash,1,25,2025,Gcash cash-in,25/1,25/1/25,2025 January,16
700,2025-01-30,サラリー,13202,Income,Bank,1,30,2025,サラリー,25/1,25/1/30,2025 January,16
